{
 "a0": [
  1.0,
  1.0
 ],
 "a": [
  11.692714029710888,
  7.334889167319772
 ],
 "aerr": [
  9.341355906441198,
  1.3796248824188413
 ],
 "arerr": [
  79.89039912123953,
  18.809076060285822
 ],
 "acov": [
  [
   2.2753881166736134,
   -0.31530138055217266
  ],
  [
   -0.31530138055217266,
   0.04963153241633236
  ]
 ],
 "degrees_of_freedom": 4,
 "chi2": 153.39964119768803,
 "chi2_reduced": 38.34991029942201,
 "p_probability": 3.8028672642872674e-32
}