{
 "a0": [
  1.0,
  0.49,
  0.192
 ],
 "a": [
  0.33944150803890105,
  0.44178122670061126,
  0.12622201096227822
 ],
 "aerr": [
  0.12851862707973985,
  0.015285676934100417,
  0.050876316437147094
 ],
 "arerr": [
  37.861788860839965,
  3.4600105233668743,
  40.30700830170707
 ],
 "acov": [
  [
   0.011642558429228525,
   -3.863165985742455e-05,
   0.003842144875545273
  ],
  [
   -3.863165985742455e-05,
   0.00016469697558534472,
   -0.00013250163330115987
  ],
  [
   0.003842144875545273,
   -0.00013250163330115987,
   0.0018245156414504252
  ]
 ],
 "degrees_of_freedom": 4,
 "chi2": 5.67471062545682,
 "chi2_reduced": 1.418677656364205,
 "p_probability": 0.2247937634405916
}