{
 "a0": [
  0.0005,
  0.139,
  0.02148
 ],
 "a": [
  0.00031783478110986507,
  0.13761132743848303,
  0.01770379120345901
 ],
 "aerr": [
  3.517476875717039e-05,
  0.0007055543008589268,
  0.0014887074876828244
 ],
 "arerr": [
  11.066997964899135,
  0.5127152785982197,
  8.40897562885828
 ],
 "acov": [
  [
   1.0812369139024092e-09,
   9.258598951455989e-11,
   3.8974931367999484e-08
  ],
  [
   9.258598951455989e-11,
   4.35030042140795e-07,
   -9.670365752192397e-08
  ],
  [
   3.8974931367999484e-08,
   -9.670365752192397e-08,
   1.9367658004687928e-06
  ]
 ],
 "degrees_of_freedom": 41,
 "chi2": 46.91648794975884,
 "chi2_reduced": 1.1443045841404595,
 "p_probability": 0.24283666385390654
}