{
 "a0": [
  1.0,
  1.0
 ],
 "a": [
  4.071439354642366,
  932.4670098888519
 ],
 "aerr": [
  0.14158945908201112,
  5.572348029688608
 ],
 "arerr": [
  3.477626626577821,
  0.5975919759727285
 ],
 "acov": [
  [
   0.0029313445192563807,
   -0.025047474303537657
  ],
  [
   -0.025047474303537657,
   4.5402679582430565
  ]
 ],
 "degrees_of_freedom": 101,
 "chi2": 690.7427816606273,
 "chi2_reduced": 6.839037442184429,
 "p_probability": 1.2210155427939972e-88
}