{
 "a0": [
  100.0,
  -0.2,
  70.0
 ],
 "a": [
  450.4358557932022,
  -0.48163438172717726,
  72.96606146078118
 ],
 "aerr": [
  555.0128676475902,
  0.21928858301954274,
  3.2509630327795818
 ],
 "arerr": [
  123.21684886080646,
  45.53009322821957,
  4.455445405295659
 ],
 "acov": [
  [
   325644.06575848657,
   -127.27338926199225,
   1157.1652123761762
  ],
  [
   -127.27338926199225,
   0.05083573495700204,
   -0.5125342510190162
  ],
  [
   1157.1652123761762,
   -0.5125342510190162,
   11.17277688949213
  ]
 ],
 "degrees_of_freedom": 19,
 "chi2": 17.97283290945737,
 "chi2_reduced": 0.9459385741819668,
 "p_probability": 0.5242536792971455
}