{
 "a0": [
  0.0002,
  0.1372874,
  0.015403
 ],
 "a": [
  0.00018458608355580332,
  0.1372881054597811,
  0.015402387440910383
 ],
 "aerr": [
  2.0639910503113474e-05,
  0.0006143307050901728,
  0.001296275505369673
 ],
 "arerr": [
  11.18172621982832,
  0.4474755500724297,
  8.416068679889372
 ],
 "acov": [
  [
   3.5679983507416283e-10,
   -3.035358758668178e-10,
   1.9240714250087806e-08
  ],
  [
   -3.035358758668178e-10,
   3.160919752125617e-07,
   -4.583304143543469e-08
  ],
  [
   1.9240714250087806e-08,
   -4.583304143543469e-08,
   1.4073549810531978e-06
  ]
 ],
 "degrees_of_freedom": 45,
 "chi2": 53.72834812818614,
 "chi2_reduced": 1.1939632917374698,
 "p_probability": 0.1746930562520987
}