{
 "a0": [
  8052.0,
  9.628,
  0.599
 ],
 "a": [
  8052.397881908742,
  9.62770694900897,
  0.5990068955999671
 ],
 "aerr": [
  2570.0990043690226,
  0.07149124353833465,
  0.332941361060626
 ],
 "arerr": [
  31.917188420895638,
  0.7425573287281414,
  55.58222509728389
 ],
 "acov": [
  [
   6669376.772589098,
   -14.02863076869902,
   704.9254290426339
  ],
  [
   -14.02863076869902,
   0.005160493657960311,
   -0.005056847219159221
  ],
  [
   704.9254290426339,
   -0.005056847219159221,
   0.11192343929001254
  ]
 ],
 "degrees_of_freedom": 27,
 "chi2": 26.741035357903193,
 "chi2_reduced": 0.9904087169593775,
 "p_probability": 0.4778318018258658
}