{
 "a0": [
  200.0,
  2.1,
  1.8,
  54.0
 ],
 "a": [
  199.77697691251524,
  2.135012357423,
  1.5840771316032802,
  54.82581998786705
 ],
 "aerr": [
  9.667527423345264,
  0.09008170170533382,
  0.11356002475864203,
  3.2811883896601755
 ],
 "arerr": [
  4.839159933618773,
  4.21925903108421,
  7.168844401137549,
  5.984750233350458
 ],
 "acov": [
  [
   57.359653087635735,
   0.1869505949175546,
   -0.2601629266488365,
   -4.008233681814827
  ],
  [
   0.1869505949175546,
   0.004980223738941894,
   -0.003655220386933845,
   0.004155159566624192
  ],
  [
   -0.2601629266488365,
   -0.003655220386933845,
   0.007914557666213037,
   -0.10606162268335215
  ],
  [
   -4.008233681814827,
   0.004155159566624192,
   -0.10606162268335215,
   6.60751294998357
  ]
 ],
 "degrees_of_freedom": 22,
 "chi2": 35.846519145495606,
 "chi2_reduced": 1.629387233886164,
 "p_probability": 0.03153602327935025
}