{
 "a0": [
  0.0005,
  0.139,
  0.02148
 ],
 "a": [
  0.00013316644759373063,
  0.13716180280926926,
  0.018805785621772982
 ],
 "aerr": [
  1.3695005934751588e-05,
  0.0005991398463046459,
  0.0014059768421015746
 ],
 "arerr": [
  10.284126506500229,
  0.4368124609281941,
  7.476299423905807
 ],
 "acov": [
  [
   1.972821894314614e-10,
   2.962867782707421e-10,
   1.795236318564875e-08
  ],
  [
   2.962867782707421e-10,
   3.775894373019012e-07,
   -2.083014985141526e-08
  ],
  [
   1.795236318564875e-08,
   -2.083014985141526e-08,
   2.079312500111756e-06
  ]
 ],
 "degrees_of_freedom": 80,
 "chi2": 76.05478754808317,
 "chi2_reduced": 0.9506848443510396,
 "p_probability": 0.6041951512503514
}