{
 "a0": [
  0.0005,
  0.139,
  0.02148
 ],
 "a": [
  0.00010417872452917294,
  0.13801346570878292,
  0.01590681756792603
 ],
 "aerr": [
  1.1779728349575583e-05,
  0.0005908233090251131,
  0.0013392099760652454
 ],
 "arerr": [
  11.307230341716203,
  0.4280910605286787,
  8.419094330757796
 ],
 "acov": [
  [
   1.1396380392815334e-10,
   1.4274720333923411e-11,
   1.131324224572295e-08
  ],
  [
   1.4274720333923411e-11,
   2.8668939453662084e-07,
   -3.793600711326551e-08
  ],
  [
   1.131324224572295e-08,
   -3.793600711326551e-08,
   1.4729694440959557e-06
  ]
 ],
 "degrees_of_freedom": 76,
 "chi2": 92.53738148186858,
 "chi2_reduced": 1.2175971247614286,
 "p_probability": 0.0954364402836507
}