{
 "a0": [
  1.0,
  1.0
 ],
 "a": [
  0.4071797898680848,
  0.020620633354338603
 ],
 "aerr": [
  0.03464462504289359,
  2.9028387509859257e-05
 ],
 "arerr": [
  8.508434334159244,
  0.1407735010416237
 ],
 "acov": [
  [
   0.34423348233834333,
   -0.00021236334082374827
  ],
  [
   -0.00021236334082374827,
   2.416724826875918e-07
  ]
 ],
 "degrees_of_freedom": 8,
 "chi2": 0.027893859393560733,
 "chi2_reduced": 0.0034867324241950916,
 "p_probability": 0.9999999984409549
}