{
 "a0": [
  0.26,
  0.495,
  0.21
 ],
 "a": [
  0.26207178707544443,
  0.4511979276307291,
  0.2099709222865843
 ],
 "aerr": [
  0.032883022678028916,
  0.0071247332458385625,
  0.019087276343295708
 ],
 "arerr": [
  12.547334089251908,
  1.5790704720766384,
  9.090437921325096
 ],
 "acov": [
  [
   0.002578226226979842,
   -9.772932219453501e-05,
   0.0013528921046144602
  ],
  [
   -9.772932219453501e-05,
   0.00012103605930407948,
   -0.00012145226747383116
  ],
  [
   0.0013528921046144602,
   -0.00012145226747383116,
   0.0008686913167183825
  ]
 ],
 "degrees_of_freedom": 23,
 "chi2": 9.646067086726996,
 "chi2_reduced": 0.4193942211620433,
 "p_probability": 0.9932607801716616
}