{
 "a0": [
  10.0,
  1e-09,
  0.0001
 ],
 "a": [
  317.6479350690361,
  3.6455036708136656e-09,
  0.8944294881015322
 ],
 "aerr": [
  82.6993569919634,
  3.9029710665467055e-10,
  0.25796742297363384
 ],
 "arerr": [
  26.034910938108226,
  10.706260146696202,
  28.841560615491513
 ],
 "acov": [
  [
   16762.746962882564,
   -6.739152213867918e-08,
   12.812310053994585
  ],
  [
   -6.739152213867918e-08,
   3.7336326629716796e-19,
   -9.648175395789078e-11
  ],
  [
   12.812310053994585,
   -9.648175395789078e-11,
   0.16310626921432533
  ]
 ],
 "degrees_of_freedom": 9,
 "chi2": 3.6719908114256405,
 "chi2_reduced": 0.4079989790472934,
 "p_probability": 0.931646092857227
}