{
 "a0": [
  1.0,
  1.0
 ],
 "a": [
  7.623904222447462,
  2215.4298123630388
 ],
 "aerr": [
  0.08278124582654568,
  3.8463582329485693
 ],
 "arerr": [
  1.0858117233793219,
  0.17361679487584114
 ],
 "acov": [
  [
   0.011649287635046753,
   -0.10264736594329976
  ],
  [
   -0.10264736594329976,
   25.14982182548441
  ]
 ],
 "degrees_of_freedom": 101,
 "chi2": 59.41360728683869,
 "chi2_reduced": 0.5882535374934523,
 "p_probability": 0.9996821186784806
}