{
 "a0": [
  1.0,
  1.0
 ],
 "a": [
  -0.9615441477684621,
  1319.1856467687276
 ],
 "aerr": [
  0.1593371467762383,
  4.382079971693478
 ],
 "arerr": [
  16.570965269356137,
  0.33218068908096
 ],
 "acov": [
  [
   0.012493982635118459,
   -0.11258053453690352
  ],
  [
   -0.11258053453690352,
   9.449904595483419
  ]
 ],
 "degrees_of_freedom": 101,
 "chi2": 205.23647547055612,
 "chi2_reduced": 2.0320443115896647,
 "p_probability": 4.320004674785357e-09
}