{
 "a0": [
  1.0,
  1.0
 ],
 "a": [
  4.5822558974096836e-07,
  0.0019453083027349974
 ],
 "aerr": [
  9.999416295679638e-07,
  3.1229037178926884e-05
 ],
 "arerr": [
  218.22038139188683,
  1.6053515596998462
 ],
 "acov": [
  [
   9.849490926601139e-13,
   -2.368795035366534e-11
  ],
  [
   -2.368795035366534e-11,
   9.606864722477795e-10
  ]
 ],
 "degrees_of_freedom": 8,
 "chi2": 8.121299019364237,
 "chi2_reduced": 1.0151623774205296,
 "p_probability": 0.4217119316847955
}