{
 "a0": [
  1.0,
  9e-11,
  0.001
 ],
 "a": [
  629.7338612022118,
  3.903848694082483e-12,
  1.7881859464406298
 ],
 "aerr": [
  173.11111600483292,
  4.2329127861216767e-13,
  0.4691531605476514
 ],
 "arerr": [
  27.489567684092787,
  10.842922248851487,
  26.236262592349362
 ],
 "acov": [
  [
   37455.780011359915,
   -7.713498271797626e-11,
   18.173293528153227
  ],
  [
   -7.713498271797626e-11,
   2.2394819901770703e-25,
   -7.66892365985237e-14
  ],
  [
   18.173293528153227,
   -7.66892365985237e-14,
   0.2751048367822079
  ]
 ],
 "degrees_of_freedom": 10,
 "chi2": 8.00075675245581,
 "chi2_reduced": 0.8000756752455811,
 "p_probability": 0.6287630130218673
}