{
 "a0": [
  320.0,
  1e-11,
  0.8
 ],
 "a": [
  563.0199072933352,
  3.027629759681437e-11,
  0.5660601470679897
 ],
 "aerr": [
  355.1460221679801,
  7.121855648476731e-12,
  0.948703991945445
 ],
 "arerr": [
  63.07876818695646,
  23.522875033524848,
  167.59773618747548
 ],
 "acov": [
  [
   63314.79225764465,
   -1.1249181827243008e-09,
   50.110537870316534
  ],
  [
   -1.1249181827243008e-09,
   2.5461126254581862e-23,
   -1.497900905892509e-12
  ],
  [
   50.110537870316534,
   -1.497900905892509e-12,
   0.45180676858246654
  ]
 ],
 "degrees_of_freedom": 4,
 "chi2": 7.968355738955177,
 "chi2_reduced": 1.9920889347387942,
 "p_probability": 0.09274426609054359
}