{
 "a0": [
  73.0,
  1e-06,
  3770.0
 ],
 "a": [
  72.00958234239434,
  1.2581327625859316e-06,
  1707.3625685744355
 ],
 "aerr": [
  0.08081894395066716,
  8.136224876736329e-07,
  66.87021329542269
 ],
 "arerr": [
  0.11223359630998231,
  64.6690485987612,
  3.9165795552877825
 ],
 "acov": [
  [
   0.004877915674470561,
   -2.8055338953274335e-08,
   2.2485069482078317
  ],
  [
   -2.8055338953274335e-08,
   4.943719628614337e-13,
   -4.0549905628086575e-05
  ],
  [
   2.2485069482078317,
   -4.0549905628086575e-05,
   3339.437830168645
  ]
 ],
 "degrees_of_freedom": 191,
 "chi2": 255.75575885368565,
 "chi2_reduced": 1.3390353866685112,
 "p_probability": 0.0012141146708760282
}