{
 "a0": [
  1.0,
  1.0,
  1.0
 ],
 "a": [
  46.897493507103455,
  0.00010012026472034182,
  3.1339785528333727e-09
 ],
 "aerr": [
  0.1345321174759512,
  9.17260839050009e-07,
  9.160628798669168e-11
 ],
 "arerr": [
  0.2868641955365353,
  0.9161590229631559,
  2.9230030276969226
 ],
 "acov": [
  [
   0.06426360821796659,
   -4.1001963368561304e-07,
   3.826681687126042e-11
  ],
  [
   -4.1001963368561304e-07,
   2.9874376871885527e-12,
   -2.9267664569276465e-16
  ],
  [
   3.826681687126042e-11,
   -2.9267664569276465e-16,
   2.979639487915611e-20
  ]
 ],
 "degrees_of_freedom": 160,
 "chi2": 45.061623234540036,
 "chi2_reduced": 0.28163514521587524,
 "p_probability": 1.0
}