{
 "a0": [
  2143.0,
  3.8,
  -0.02,
  -1e-05
 ],
 "a": [
  2143.292672622224,
  3.8224010611542725,
  -0.01758765026797493,
  -9.424948691062968e-06
 ],
 "aerr": [
  0.033562460030232236,
  0.004315976020580342,
  0.00014836720886032888,
  1.3035967683041258e-05
 ],
 "arerr": [
  0.001565929863846828,
  0.11291269418173043,
  0.8435874411858663,
  138.31340742896958
 ],
 "acov": [
  [
   0.0009703114818663231,
   1.3749076464172946e-07,
   -3.1981334823409194e-06,
   -4.516789815584109e-10
  ],
  [
   1.3749076464172946e-07,
   1.604580998614059e-05,
   -8.506092789264832e-10,
   -4.443922016476821e-08
  ],
  [
   -3.1981334823409194e-06,
   -8.506092789264832e-10,
   1.8961795222910573e-08,
   2.678257501943642e-12
  ],
  [
   -4.516789815584109e-10,
   -4.443922016476821e-08,
   2.678257501943642e-12,
   1.463828333899035e-10
  ]
 ],
 "degrees_of_freedom": 41,
 "chi2": 47.59707425669835,
 "chi2_reduced": 1.1609042501633744,
 "p_probability": 0.22198049530676833
}