{
 "a0": [
  1.0,
  1.0
 ],
 "a": [
  3.68245761120221,
  902.2832741862954
 ],
 "aerr": [
  0.2152734227647893,
  11.672658422773209
 ],
 "arerr": [
  5.845917196980554,
  1.293680017874646
 ],
 "acov": [
  [
   0.0015672041778914856,
   -0.014059407385023126
  ],
  [
   -0.014059407385023126,
   4.607701140923004
  ]
 ],
 "degrees_of_freedom": 92,
 "chi2": 2720.4645971732725,
 "chi2_reduced": 29.57026736057905,
 "p_probability": 0.0
}