{
 "a0": [
  1.0,
  1.0
 ],
 "a": [
  7.095457966591699,
  2166.9447840151925
 ],
 "aerr": [
  0.08054167494764741,
  3.785009750000034
 ],
 "arerr": [
  1.1351159477918178,
  0.1746703366841994
 ],
 "acov": [
  [
   0.012419670967055986,
   -0.13290489817573964
  ],
  [
   -0.13290489817573964,
   27.428545709175605
  ]
 ],
 "degrees_of_freedom": 90,
 "chi2": 47.008212041378854,
 "chi2_reduced": 0.5223134671264317,
 "p_probability": 0.9999477969819159
}