{
 "a0": [
  1.0,
  1.0
 ],
 "a": [
  5.2721122692164935,
  1334.609178783576
 ],
 "aerr": [
  0.2612244669450543,
  4.360025073027477
 ],
 "arerr": [
  4.954835056725295,
  0.3266892767065639
 ],
 "acov": [
  [
   0.045352318118227264,
   -0.3506356917831333
  ],
  [
   -0.3506356917831333,
   12.634258562053443
  ]
 ],
 "degrees_of_freedom": 89,
 "chi2": 133.91160632192532,
 "chi2_reduced": 1.5046247901339924,
 "p_probability": 0.001477326373205798
}