{
 "a0": [
  1.0,
  1.0
 ],
 "a": [
  0.0014950713771019926,
  0.0010574307179411415
 ],
 "aerr": [
  3.084866334398078e-06,
  1.0280575053378525e-05
 ],
 "arerr": [
  0.20633572293904137,
  0.9722220925636814
 ],
 "acov": [
  [
   2.1860573570647107e-13,
   2.887189398023847e-13
  ],
  [
   2.887189398023847e-13,
   2.4278601486335907e-12
  ]
 ],
 "degrees_of_freedom": 100,
 "chi2": 4353.225348981972,
 "chi2_reduced": 43.53225348981972,
 "p_probability": 0.0
}