{
 "a0": [
  1.0,
  1.0
 ],
 "a": [
  -8.015159735411001e-07,
  0.0019815707338380908
 ],
 "aerr": [
  1.1494309063111947e-06,
  3.0841711313168914e-05
 ],
 "arerr": [
  143.40711155549468,
  1.5564274737461334
 ],
 "acov": [
  [
   1.269949164388981e-12,
   -2.4846998538488687e-11
  ],
  [
   -2.4846998538488687e-11,
   9.143185506468829e-10
  ]
 ],
 "degrees_of_freedom": 8,
 "chi2": 8.32279870994079,
 "chi2_reduced": 1.0403498387425987,
 "p_probability": 0.40259012636682495
}