{
 "a0": [
  0.0005,
  0.139,
  0.02148
 ],
 "a": [
  9.151542918164069e-05,
  0.13638084522106564,
  0.020103732722419956
 ],
 "aerr": [
  1.0805774994454371e-05,
  0.0006700592968081339,
  0.0017025610604192094
 ],
 "arerr": [
  11.80759910223113,
  0.49131481457092135,
  8.468880301619262
 ],
 "acov": [
  [
   1.1375605959829985e-10,
   -6.104252530083825e-11,
   1.6178816299314434e-08
  ],
  [
   -6.104252530083825e-11,
   4.3741047010962735e-07,
   -6.923388440455139e-08
  ],
  [
   1.6178816299314434e-08,
   -6.923388440455139e-08,
   2.824022109806639e-06
  ]
 ],
 "degrees_of_freedom": 102,
 "chi2": 104.69777971913055,
 "chi2_reduced": 1.0264488207757898,
 "p_probability": 0.40755523369858626
}