{
 "a0": [
  1.0,
  3.1,
  -0.01
 ],
 "a": [
  227.3705404333273,
  3.1111274004614744,
  0.15289296494287702
 ],
 "aerr": [
  128.90842468175848,
  0.07914408319795033,
  0.041380514621339855
 ],
 "arerr": [
  56.69530645266631,
  2.543903640404146,
  27.06502201510724
 ],
 "acov": [
  [
   7512.668727031735,
   1.9816635655214767,
   2.340124384460934
  ],
  [
   1.9816635655214767,
   0.0028318388909639824,
   0.0003916581865039873
  ],
  [
   2.340124384460934,
   0.0003916581865039873,
   0.0007741469576687176
  ]
 ],
 "degrees_of_freedom": 27,
 "chi2": 59.72169532003976,
 "chi2_reduced": 2.211914641482954,
 "p_probability": 0.000286874615496119
}