{
 "a0": [
  1.0,
  1.0
 ],
 "a": [
  0.494521403038879,
  0.020508047357318492
 ],
 "aerr": [
  0.029155398639724394,
  2.4449961220367606e-05
 ],
 "arerr": [
  5.895679835202646,
  0.11922130271287093
 ],
 "acov": [
  [
   0.3386248863810809,
   -0.00020873093549453873
  ],
  [
   -0.00020873093549453873,
   2.3814268936306167e-07
  ]
 ],
 "degrees_of_freedom": 8,
 "chi2": 0.020082098015315512,
 "chi2_reduced": 0.002510262251914439,
 "p_probability": 0.9999999995798378
}